2012/12/01(Sat),a
2012/12/02(Sun),
2012/12/03(Mon),
2012/12/04(Tue),a
2012/12/05(Wed),a
2012/12/06(Thu),a
2012/12/07(Fri),a
2012/12/08(Sat),a
2012/12/09(Sun),
2012/12/10(Mon),
2012/12/11(Tue),a
2012/12/12(Wed),a
2012/12/13(Thu),a
2012/12/14(Fri),a
2012/12/15(Sat),a
2012/12/16(Sun),
2012/12/17(Mon),
2012/12/18(Tue),a
2012/12/19(Wed),a
2012/12/20(Thu),a
2012/12/21(Fri),a
2012/12/22(Sat),a
2012/12/23(Sun),
2012/12/24(Mon),
2012/12/25(Tue),a
2012/12/26(Wed),a
2012/12/27(Thu),
2012/12/28(Fri),a
2012/12/29(Sat),d
2012/12/30(Sun),e
2012/12/31(Mon),c
